RMSE,R2,MAE,MSE
0.05798089070515671,0.9059388962281002,0.0426878905202903,0.003361783686963328
