RMSE,R2,MAE,MSE
0.05791898785101449,0.9061396362464821,0.0425985745506204,0.0033546091536859643
