RMSE, R2, MAE, MSE
0.057053041831016504, 0.9089527662832279, 0.041885107887171445, 0.003255049582171719