RMSE,R2,MAE,MSE
0.04815772234254896,0.9374485871884939,0.036128372223779404,0.0023191662212220395
