RMSE,R2,MAE,MSE
0.046998273455608836,0.9404243136906647,0.03494592688229747,0.002208837707808186
