RMSE,R2,MAE,MSE
0.05786332377260216,0.9063199619123683,0.042694922595313406,0.003348164238012986
