RMSE,R2,MAE,MSE
0.05764077215520021,0.9070391929908758,0.04224159005279318,0.0033224586146477033
